<?xml version="1.0" encoding="UTF-8"?>
<!DOCTYPE mapper PUBLIC "-//mybatis.org//DTD Mapper 3.0//EN" "http://mybatis.org/dtd/mybatis-3-mapper.dtd">
<mapper namespace="com.buza.server.dao.SysRoleMenuMapper">
  <resultMap id="BaseResultMap" type="com.buza.server.entity.SysRoleMenu">
    <id column="ID" jdbcType="BIGINT" property="id" />
    <result column="ROLE_ID" jdbcType="BIGINT" property="roleId" />
    <result column="MENU_ID" jdbcType="BIGINT" property="menuId" />
  </resultMap>
  <sql id="Base_Column_List">
    ID, ROLE_ID, MENU_ID
  </sql>
  <select id="selectByPrimaryKey" parameterType="java.lang.Long" resultMap="BaseResultMap">
    select 
    <include refid="Base_Column_List" />
    from sys_role_menu
    where ID = #{id,jdbcType=BIGINT}
  </select>
  <delete id="deleteByPrimaryKey" parameterType="java.lang.Long">
    delete from sys_role_menu
    where ID = #{id,jdbcType=BIGINT}
  </delete>
  <insert id="insert" parameterType="com.buza.server.entity.SysRoleMenu">
    insert into sys_role_menu (ID, ROLE_ID, MENU_ID
      )
    values (#{id,jdbcType=BIGINT}, #{roleId,jdbcType=BIGINT}, #{menuId,jdbcType=BIGINT}
      )
  </insert>
  <insert id="insertSelective" parameterType="com.buza.server.entity.SysRoleMenu">
    insert into sys_role_menu
    <trim prefix="(" suffix=")" suffixOverrides=",">
      <if test="id != null">
        ID,
      </if>
      <if test="roleId != null">
        ROLE_ID,
      </if>
      <if test="menuId != null">
        MENU_ID,
      </if>
    </trim>
    <trim prefix="values (" suffix=")" suffixOverrides=",">
      <if test="id != null">
        #{id,jdbcType=BIGINT},
      </if>
      <if test="roleId != null">
        #{roleId,jdbcType=BIGINT},
      </if>
      <if test="menuId != null">
        #{menuId,jdbcType=BIGINT},
      </if>
    </trim>
  </insert>
  <update id="updateByPrimaryKeySelective" parameterType="com.buza.server.entity.SysRoleMenu">
    update sys_role_menu
    <set>
      <if test="roleId != null">
        ROLE_ID = #{roleId,jdbcType=BIGINT},
      </if>
      <if test="menuId != null">
        MENU_ID = #{menuId,jdbcType=BIGINT},
      </if>
    </set>
    where ID = #{id,jdbcType=BIGINT}
  </update>
  <update id="updateByPrimaryKey" parameterType="com.buza.server.entity.SysRoleMenu">
    update sys_role_menu
    set ROLE_ID = #{roleId,jdbcType=BIGINT},
      MENU_ID = #{menuId,jdbcType=BIGINT}
    where ID = #{id,jdbcType=BIGINT}
  </update>
</mapper>