<?xml version="1.0" encoding="UTF-8"?>
<!DOCTYPE mapper PUBLIC "-//mybatis.org//DTD Mapper 3.0//EN" "http://mybatis.org/dtd/mybatis-3-mapper.dtd">
<mapper namespace="com.buza.server.dao.SysRoleMapper">
    <resultMap id="BaseResultMap" type="com.buza.server.entity.SysRole">
        <id column="ID" jdbcType="BIGINT" property="id"/>
        <result column="NAME" jdbcType="VARCHAR" property="name"/>
        <result column="CODE" jdbcType="VARCHAR" property="code"/>
        <result column="REMARK" jdbcType="VARCHAR" property="remark"/>
        <result column="CREATETIME" jdbcType="TIMESTAMP" property="createtime"/>
        <result column="UPDATETIME" jdbcType="TIMESTAMP" property="updatetime"/>
        <result column="STATUS" jdbcType="INTEGER" property="status"/>
    </resultMap>

    <sql id="Base_Column_List">
        ID
        , `NAME`, CODE, REMARK, DATE_FORMAT(CREATETIME, '%Y-%m-%d %H:%i:%S') AS CREATETIME, UPDATETIME, `STATUS`
    </sql>

    <select id="selectByPrimaryKey" parameterType="java.lang.Long" resultMap="BaseResultMap">
        select
        <include refid="Base_Column_List"/>
        from sys_role
        where ID = #{id,jdbcType=BIGINT}
    </select>

    <delete id="deleteByPrimaryKey" parameterType="java.lang.Long">
        delete
        from sys_role
        where ID = #{id,jdbcType=BIGINT}
    </delete>

    <insert id="insert" parameterType="com.buza.server.entity.SysRole">
        insert into sys_role (ID, `NAME`, CODE,
                              REMARK, CREATETIME, UPDATETIME,
                              `STATUS`)
        values (#{id,jdbcType=BIGINT}, #{name,jdbcType=VARCHAR}, #{code,jdbcType=VARCHAR},
                #{remark,jdbcType=VARCHAR}, #{createtime,jdbcType=TIMESTAMP}, #{updatetime,jdbcType=TIMESTAMP},
                #{status,jdbcType=INTEGER})
    </insert>

    <insert id="insertSelective" parameterType="com.buza.server.entity.SysRole">
        insert into sys_role
        <trim prefix="(" suffix=")" suffixOverrides=",">
            <if test="id != null">
                ID,
            </if>
            <if test="name != null">
                `NAME`,
            </if>
            <if test="code != null">
                CODE,
            </if>
            <if test="remark != null">
                REMARK,
            </if>
            <if test="createtime != null">
                CREATETIME,
            </if>
            <if test="updatetime != null">
                UPDATETIME,
            </if>
            <if test="status != null">
                `STATUS`,
            </if>
        </trim>
        <trim prefix="values (" suffix=")" suffixOverrides=",">
            <if test="id != null">
                #{id,jdbcType=BIGINT},
            </if>
            <if test="name != null">
                #{name,jdbcType=VARCHAR},
            </if>
            <if test="code != null">
                #{code,jdbcType=VARCHAR},
            </if>
            <if test="remark != null">
                #{remark,jdbcType=VARCHAR},
            </if>
            <if test="createtime != null">
                #{createtime,jdbcType=TIMESTAMP},
            </if>
            <if test="updatetime != null">
                #{updatetime,jdbcType=TIMESTAMP},
            </if>
            <if test="status != null">
                #{status,jdbcType=INTEGER},
            </if>
        </trim>
    </insert>

    <update id="updateByPrimaryKeySelective" parameterType="com.buza.server.entity.SysRole">
        update sys_role
        <set>
            <if test="name != null">
                `NAME` = #{name,jdbcType=VARCHAR},
            </if>
            <if test="code != null">
                CODE = #{code,jdbcType=VARCHAR},
            </if>
            <if test="remark != null">
                REMARK = #{remark,jdbcType=VARCHAR},
            </if>
            <if test="createtime != null">
                CREATETIME = #{createtime,jdbcType=TIMESTAMP},
            </if>
            <if test="updatetime != null">
                UPDATETIME = #{updatetime,jdbcType=TIMESTAMP},
            </if>
            <if test="status != null">
                `STATUS` = #{status,jdbcType=INTEGER},
            </if>
        </set>
        where ID = #{id,jdbcType=BIGINT}
    </update>

    <update id="updateByPrimaryKey" parameterType="com.buza.server.entity.SysRole">
        update sys_role
        set `NAME`     = #{name,jdbcType=VARCHAR},
            CODE       = #{code,jdbcType=VARCHAR},
            REMARK     = #{remark,jdbcType=VARCHAR},
            CREATETIME = #{createtime,jdbcType=TIMESTAMP},
            UPDATETIME = #{updatetime,jdbcType=TIMESTAMP},
            `STATUS`   = #{status,jdbcType=INTEGER}
        where ID = #{id,jdbcType=BIGINT}
    </update>

    <select id="getAllSysRoleList" resultType="com.buza.server.entity.SysRole">
        select * from sys_role
    </select>

</mapper>