<?xml version="1.0" encoding="UTF-8"?>
<!DOCTYPE mapper PUBLIC "-//mybatis.org//DTD Mapper 3.0//EN" "http://mybatis.org/dtd/mybatis-3-mapper.dtd">
<mapper namespace="com.buza.server.dao.SysUserRoleMapper">
    <resultMap id="BaseResultMap" type="com.buza.server.entity.SysUserRole">
        <id column="ID" jdbcType="BIGINT" property="id"/>
        <result column="USER_SEQ" jdbcType="BIGINT" property="userSeq"/>
        <result column="ROLE_ID" jdbcType="BIGINT" property="roleId"/>
    </resultMap>
    <sql id="Base_Column_List">
        ID, USER_SEQ, ROLE_ID
    </sql>
    <select id="selectByPrimaryKey" parameterType="java.lang.Long" resultMap="BaseResultMap">
        select
        <include refid="Base_Column_List"/>
        from sys_user_role
        where ID = #{id,jdbcType=BIGINT}
    </select>
    <delete id="deleteByPrimaryKey" parameterType="java.lang.Long">
        delete
        from sys_user_role
        where ID = #{id,jdbcType=BIGINT}
    </delete>
    <insert id="insert" parameterType="com.buza.server.entity.SysUserRole">
        insert into sys_user_role (ID, USER_SEQ, ROLE_ID)
        values (#{id,jdbcType=BIGINT}, #{userSeq,jdbcType=BIGINT}, #{roleId,jdbcType=BIGINT})
    </insert>
    <insert id="insertSelective" parameterType="com.buza.server.entity.SysUserRole">
        insert into sys_user_role
        <trim prefix="(" suffix=")" suffixOverrides=",">
            <if test="id != null">
                ID,
            </if>
            <if test="userSeq != null">
                USER_SEQ,
            </if>
            <if test="roleId != null">
                ROLE_ID,
            </if>
        </trim>
        <trim prefix="values (" suffix=")" suffixOverrides=",">
            <if test="id != null">
                #{id,jdbcType=BIGINT},
            </if>
            <if test="userSeq != null">
                #{userSeq,jdbcType=BIGINT},
            </if>
            <if test="roleId != null">
                #{roleId,jdbcType=BIGINT},
            </if>
        </trim>
    </insert>
    <update id="updateByPrimaryKeySelective" parameterType="com.buza.server.entity.SysUserRole">
        update sys_user_role
        <set>
            <if test="userSeq != null">
                USER_SEQ = #{userSeq,jdbcType=BIGINT},
            </if>
            <if test="roleId != null">
                ROLE_ID = #{roleId,jdbcType=BIGINT},
            </if>
        </set>
        where ID = #{id,jdbcType=BIGINT}
    </update>
    <update id="updateByPrimaryKey" parameterType="com.buza.server.entity.SysUserRole">
        update sys_user_role
        set USER_SEQ = #{userSeq,jdbcType=BIGINT},
            ROLE_ID  = #{roleId,jdbcType=BIGINT}
        where ID = #{id,jdbcType=BIGINT}
    </update>
</mapper>