<?xml version="1.0" encoding="UTF-8"?>
<!DOCTYPE mapper PUBLIC "-//mybatis.org//DTD Mapper 3.0//EN" "http://mybatis.org/dtd/mybatis-3-mapper.dtd">
<mapper namespace="com.buza.server.dao.TbShopMapper">
    <resultMap id="BaseResultMap" type="com.buza.server.entity.TbShop">
        <id column="SHOP_ID" jdbcType="INTEGER" property="shopId"/>
        <result column="SHOP_NAME" jdbcType="VARCHAR" property="shopName"/>
        <result column="SHOP_INTRO" jdbcType="VARCHAR" property="shopIntro"/>
        <result column="MANAGER_NAME" jdbcType="VARCHAR" property="managerName"/>
        <result column="MANAGER_MOBILE" jdbcType="VARCHAR" property="managerMobile"/>
        <result column="SHOP_MOBILE" jdbcType="VARCHAR" property="shopMobile"/>
        <result column="SHOP_STATUS" jdbcType="VARCHAR" property="shopStatus"/>
        <result column="SHOP_PROVINCE" jdbcType="VARCHAR" property="shopProvince"/>
        <result column="SHOP_CITY" jdbcType="VARCHAR" property="shopCity"/>
        <result column="SHOP_DISTRICT" jdbcType="VARCHAR" property="shopDistrict"/>
        <result column="SHOP_ADDRESS" jdbcType="VARCHAR" property="shopAddress"/>
        <result column="OPTION01" jdbcType="VARCHAR" property="option01"/>
        <result column="OPTION02" jdbcType="VARCHAR" property="option02"/>
        <result column="OPTION03" jdbcType="VARCHAR" property="option03"/>
        <result column="OPTION04" jdbcType="VARCHAR" property="option04"/>
        <result column="OPTION05" jdbcType="VARCHAR" property="option05"/>
        <result column="CREATE_TIME" jdbcType="TIMESTAMP" property="createTime"/>
        <result column="UPDATE_TIME" jdbcType="TIMESTAMP" property="updateTime"/>
    </resultMap>
    <sql id="Base_Column_List">
        SHOP_ID, SHOP_NAME, SHOP_INTRO, MANAGER_NAME, MANAGER_MOBILE, SHOP_MOBILE, SHOP_STATUS,
        SHOP_PROVINCE, SHOP_CITY, SHOP_DISTRICT, SHOP_ADDRESS, OPTION01, OPTION02, OPTION03,
        OPTION04, OPTION05, CREATE_TIME, UPDATE_TIME
    </sql>
    <select id="selectByPrimaryKey" parameterType="java.lang.Integer" resultMap="BaseResultMap">
        select
        <include refid="Base_Column_List"/>
        from tb_shop
        where SHOP_ID = #{shopId,jdbcType=INTEGER}
    </select>
    <delete id="deleteByPrimaryKey" parameterType="java.lang.Integer">
        delete
        from tb_shop
        where SHOP_ID = #{shopId,jdbcType=INTEGER}
    </delete>
    <insert id="insert" parameterType="com.buza.server.entity.TbShop">
        insert into tb_shop (SHOP_ID, SHOP_NAME, SHOP_INTRO,
                             MANAGER_NAME, MANAGER_MOBILE, SHOP_MOBILE,
                             SHOP_STATUS, SHOP_PROVINCE, SHOP_CITY,
                             SHOP_DISTRICT, SHOP_ADDRESS, OPTION01,
                             OPTION02, OPTION03, OPTION04,
                             OPTION05, CREATE_TIME, UPDATE_TIME)
        values (#{shopId,jdbcType=INTEGER}, #{shopName,jdbcType=VARCHAR}, #{shopIntro,jdbcType=VARCHAR},
                #{managerName,jdbcType=VARCHAR}, #{managerMobile,jdbcType=VARCHAR}, #{shopMobile,jdbcType=VARCHAR},
                #{shopStatus,jdbcType=VARCHAR}, #{shopProvince,jdbcType=VARCHAR}, #{shopCity,jdbcType=VARCHAR},
                #{shopDistrict,jdbcType=VARCHAR}, #{shopAddress,jdbcType=VARCHAR}, #{option01,jdbcType=VARCHAR},
                #{option02,jdbcType=VARCHAR}, #{option03,jdbcType=VARCHAR}, #{option04,jdbcType=VARCHAR},
                #{option05,jdbcType=VARCHAR}, #{createTime,jdbcType=TIMESTAMP}, #{updateTime,jdbcType=TIMESTAMP})
    </insert>
    <insert id="insertSelective" parameterType="com.buza.server.entity.TbShop">
        insert into tb_shop
        <trim prefix="(" suffix=")" suffixOverrides=",">
            <if test="shopId != null">
                SHOP_ID,
            </if>
            <if test="shopName != null">
                SHOP_NAME,
            </if>
            <if test="shopIntro != null">
                SHOP_INTRO,
            </if>
            <if test="managerName != null">
                MANAGER_NAME,
            </if>
            <if test="managerMobile != null">
                MANAGER_MOBILE,
            </if>
            <if test="shopMobile != null">
                SHOP_MOBILE,
            </if>
            <if test="shopStatus != null">
                SHOP_STATUS,
            </if>
            <if test="shopProvince != null">
                SHOP_PROVINCE,
            </if>
            <if test="shopCity != null">
                SHOP_CITY,
            </if>
            <if test="shopDistrict != null">
                SHOP_DISTRICT,
            </if>
            <if test="shopAddress != null">
                SHOP_ADDRESS,
            </if>
            <if test="option01 != null">
                OPTION01,
            </if>
            <if test="option02 != null">
                OPTION02,
            </if>
            <if test="option03 != null">
                OPTION03,
            </if>
            <if test="option04 != null">
                OPTION04,
            </if>
            <if test="option05 != null">
                OPTION05,
            </if>
            <if test="createTime != null">
                CREATE_TIME,
            </if>
            <if test="updateTime != null">
                UPDATE_TIME,
            </if>
        </trim>
        <trim prefix="values (" suffix=")" suffixOverrides=",">
            <if test="shopId != null">
                #{shopId,jdbcType=INTEGER},
            </if>
            <if test="shopName != null">
                #{shopName,jdbcType=VARCHAR},
            </if>
            <if test="shopIntro != null">
                #{shopIntro,jdbcType=VARCHAR},
            </if>
            <if test="managerName != null">
                #{managerName,jdbcType=VARCHAR},
            </if>
            <if test="managerMobile != null">
                #{managerMobile,jdbcType=VARCHAR},
            </if>
            <if test="shopMobile != null">
                #{shopMobile,jdbcType=VARCHAR},
            </if>
            <if test="shopStatus != null">
                #{shopStatus,jdbcType=VARCHAR},
            </if>
            <if test="shopProvince != null">
                #{shopProvince,jdbcType=VARCHAR},
            </if>
            <if test="shopCity != null">
                #{shopCity,jdbcType=VARCHAR},
            </if>
            <if test="shopDistrict != null">
                #{shopDistrict,jdbcType=VARCHAR},
            </if>
            <if test="shopAddress != null">
                #{shopAddress,jdbcType=VARCHAR},
            </if>
            <if test="option01 != null">
                #{option01,jdbcType=VARCHAR},
            </if>
            <if test="option02 != null">
                #{option02,jdbcType=VARCHAR},
            </if>
            <if test="option03 != null">
                #{option03,jdbcType=VARCHAR},
            </if>
            <if test="option04 != null">
                #{option04,jdbcType=VARCHAR},
            </if>
            <if test="option05 != null">
                #{option05,jdbcType=VARCHAR},
            </if>
            <if test="createTime != null">
                #{createTime,jdbcType=TIMESTAMP},
            </if>
            <if test="updateTime != null">
                #{updateTime,jdbcType=TIMESTAMP},
            </if>
        </trim>
    </insert>
    <update id="updateByPrimaryKeySelective" parameterType="com.buza.server.entity.TbShop">
        update tb_shop
        <set>
            <if test="shopName != null">
                SHOP_NAME = #{shopName,jdbcType=VARCHAR},
            </if>
            <if test="shopIntro != null">
                SHOP_INTRO = #{shopIntro,jdbcType=VARCHAR},
            </if>
            <if test="managerName != null">
                MANAGER_NAME = #{managerName,jdbcType=VARCHAR},
            </if>
            <if test="managerMobile != null">
                MANAGER_MOBILE = #{managerMobile,jdbcType=VARCHAR},
            </if>
            <if test="shopMobile != null">
                SHOP_MOBILE = #{shopMobile,jdbcType=VARCHAR},
            </if>
            <if test="shopStatus != null">
                SHOP_STATUS = #{shopStatus,jdbcType=VARCHAR},
            </if>
            <if test="shopProvince != null">
                SHOP_PROVINCE = #{shopProvince,jdbcType=VARCHAR},
            </if>
            <if test="shopCity != null">
                SHOP_CITY = #{shopCity,jdbcType=VARCHAR},
            </if>
            <if test="shopDistrict != null">
                SHOP_DISTRICT = #{shopDistrict,jdbcType=VARCHAR},
            </if>
            <if test="shopAddress != null">
                SHOP_ADDRESS = #{shopAddress,jdbcType=VARCHAR},
            </if>
            <if test="option01 != null">
                OPTION01 = #{option01,jdbcType=VARCHAR},
            </if>
            <if test="option02 != null">
                OPTION02 = #{option02,jdbcType=VARCHAR},
            </if>
            <if test="option03 != null">
                OPTION03 = #{option03,jdbcType=VARCHAR},
            </if>
            <if test="option04 != null">
                OPTION04 = #{option04,jdbcType=VARCHAR},
            </if>
            <if test="option05 != null">
                OPTION05 = #{option05,jdbcType=VARCHAR},
            </if>
            <if test="createTime != null">
                CREATE_TIME = #{createTime,jdbcType=TIMESTAMP},
            </if>
            <if test="updateTime != null">
                UPDATE_TIME = #{updateTime,jdbcType=TIMESTAMP},
            </if>
        </set>
        where SHOP_ID = #{shopId,jdbcType=INTEGER}
    </update>
    <update id="updateByPrimaryKey" parameterType="com.buza.server.entity.TbShop">
        update tb_shop
        set SHOP_NAME      = #{shopName,jdbcType=VARCHAR},
            SHOP_INTRO     = #{shopIntro,jdbcType=VARCHAR},
            MANAGER_NAME   = #{managerName,jdbcType=VARCHAR},
            MANAGER_MOBILE = #{managerMobile,jdbcType=VARCHAR},
            SHOP_MOBILE    = #{shopMobile,jdbcType=VARCHAR},
            SHOP_STATUS    = #{shopStatus,jdbcType=VARCHAR},
            SHOP_PROVINCE  = #{shopProvince,jdbcType=VARCHAR},
            SHOP_CITY      = #{shopCity,jdbcType=VARCHAR},
            SHOP_DISTRICT  = #{shopDistrict,jdbcType=VARCHAR},
            SHOP_ADDRESS   = #{shopAddress,jdbcType=VARCHAR},
            OPTION01       = #{option01,jdbcType=VARCHAR},
            OPTION02       = #{option02,jdbcType=VARCHAR},
            OPTION03       = #{option03,jdbcType=VARCHAR},
            OPTION04       = #{option04,jdbcType=VARCHAR},
            OPTION05       = #{option05,jdbcType=VARCHAR},
            CREATE_TIME    = #{createTime,jdbcType=TIMESTAMP},
            UPDATE_TIME    = #{updateTime,jdbcType=TIMESTAMP}
        where SHOP_ID = #{shopId,jdbcType=INTEGER}
    </update>
</mapper>