<?xml version="1.0" encoding="UTF-8"?>
<!DOCTYPE mapper PUBLIC "-//mybatis.org//DTD Mapper 3.0//EN" "http://mybatis.org/dtd/mybatis-3-mapper.dtd">
<mapper namespace="com.buza.server.dao.TbUserMapper">
    <resultMap id="BaseResultMap" type="com.buza.server.entity.TbUser">
        <id column="USER_ID" jdbcType="INTEGER" property="userId"/>
        <result column="SHOP_ID" jdbcType="INTEGER" property="shopId"/>
        <result column="LOGINID" jdbcType="VARCHAR" property="loginid"/>
        <result column="PASSWORD" jdbcType="VARCHAR" property="password"/>
        <result column="REALNAME" jdbcType="VARCHAR" property="realname"/>
        <result column="USE_YN" jdbcType="VARCHAR" property="useYn"/>
        <result column="MOBILE_NO" jdbcType="VARCHAR" property="mobileNo"/>
        <result column="WECHAT_ID" jdbcType="VARCHAR" property="wechatId"/>
        <result column="DEPARTMENT" jdbcType="VARCHAR" property="department"/>
        <result column="OPTION01" jdbcType="VARCHAR" property="option01"/>
        <result column="OPTION02" jdbcType="VARCHAR" property="option02"/>
        <result column="OPTION03" jdbcType="VARCHAR" property="option03"/>
        <result column="OPTION04" jdbcType="VARCHAR" property="option04"/>
        <result column="OPTION05" jdbcType="VARCHAR" property="option05"/>
        <result column="CREATE_TIME" jdbcType="TIMESTAMP" property="createTime"/>
        <result column="UPDATE_TIME" jdbcType="TIMESTAMP" property="updateTime"/>
    </resultMap>
    <sql id="Base_Column_List">
        USER_ID, SHOP_ID, LOGINID, `PASSWORD`, REALNAME, USE_YN, MOBILE_NO, WECHAT_ID, DEPARTMENT,
        OPTION01, OPTION02, OPTION03, OPTION04, OPTION05, CREATE_TIME, UPDATE_TIME
    </sql>
    <select id="selectByPrimaryKey" parameterType="java.lang.Integer" resultMap="BaseResultMap">
        select
        <include refid="Base_Column_List"/>
        from tb_user
        where USER_ID = #{userId,jdbcType=INTEGER}
    </select>
    <delete id="deleteByPrimaryKey" parameterType="java.lang.Integer">
        delete
        from tb_user
        where USER_ID = #{userId,jdbcType=INTEGER}
    </delete>
    <insert id="insert" parameterType="com.buza.server.entity.TbUser">
        insert into tb_user (USER_ID, SHOP_ID, LOGINID,
                             `PASSWORD`, REALNAME, USE_YN,
                             MOBILE_NO, WECHAT_ID, DEPARTMENT,
                             OPTION01, OPTION02, OPTION03,
                             OPTION04, OPTION05, CREATE_TIME,
                             UPDATE_TIME)
        values (#{userId,jdbcType=INTEGER}, #{shopId,jdbcType=INTEGER}, #{loginid,jdbcType=VARCHAR},
                #{password,jdbcType=VARCHAR}, #{realname,jdbcType=VARCHAR}, #{useYn,jdbcType=VARCHAR},
                #{mobileNo,jdbcType=VARCHAR}, #{wechatId,jdbcType=VARCHAR}, #{department,jdbcType=VARCHAR},
                #{option01,jdbcType=VARCHAR}, #{option02,jdbcType=VARCHAR}, #{option03,jdbcType=VARCHAR},
                #{option04,jdbcType=VARCHAR}, #{option05,jdbcType=VARCHAR}, #{createTime,jdbcType=TIMESTAMP},
                #{updateTime,jdbcType=TIMESTAMP})
    </insert>
    <insert id="insertSelective" parameterType="com.buza.server.entity.TbUser">
        insert into tb_user
        <trim prefix="(" suffix=")" suffixOverrides=",">
            <if test="userId != null">
                USER_ID,
            </if>
            <if test="shopId != null">
                SHOP_ID,
            </if>
            <if test="loginid != null">
                LOGINID,
            </if>
            <if test="password != null">
                `PASSWORD`,
            </if>
            <if test="realname != null">
                REALNAME,
            </if>
            <if test="useYn != null">
                USE_YN,
            </if>
            <if test="mobileNo != null">
                MOBILE_NO,
            </if>
            <if test="wechatId != null">
                WECHAT_ID,
            </if>
            <if test="department != null">
                DEPARTMENT,
            </if>
            <if test="option01 != null">
                OPTION01,
            </if>
            <if test="option02 != null">
                OPTION02,
            </if>
            <if test="option03 != null">
                OPTION03,
            </if>
            <if test="option04 != null">
                OPTION04,
            </if>
            <if test="option05 != null">
                OPTION05,
            </if>
            <if test="createTime != null">
                CREATE_TIME,
            </if>
            <if test="updateTime != null">
                UPDATE_TIME,
            </if>
        </trim>
        <trim prefix="values (" suffix=")" suffixOverrides=",">
            <if test="userId != null">
                #{userId,jdbcType=INTEGER},
            </if>
            <if test="shopId != null">
                #{shopId,jdbcType=INTEGER},
            </if>
            <if test="loginid != null">
                #{loginid,jdbcType=VARCHAR},
            </if>
            <if test="password != null">
                #{password,jdbcType=VARCHAR},
            </if>
            <if test="realname != null">
                #{realname,jdbcType=VARCHAR},
            </if>
            <if test="useYn != null">
                #{useYn,jdbcType=VARCHAR},
            </if>
            <if test="mobileNo != null">
                #{mobileNo,jdbcType=VARCHAR},
            </if>
            <if test="wechatId != null">
                #{wechatId,jdbcType=VARCHAR},
            </if>
            <if test="department != null">
                #{department,jdbcType=VARCHAR},
            </if>
            <if test="option01 != null">
                #{option01,jdbcType=VARCHAR},
            </if>
            <if test="option02 != null">
                #{option02,jdbcType=VARCHAR},
            </if>
            <if test="option03 != null">
                #{option03,jdbcType=VARCHAR},
            </if>
            <if test="option04 != null">
                #{option04,jdbcType=VARCHAR},
            </if>
            <if test="option05 != null">
                #{option05,jdbcType=VARCHAR},
            </if>
            <if test="createTime != null">
                #{createTime,jdbcType=TIMESTAMP},
            </if>
            <if test="updateTime != null">
                #{updateTime,jdbcType=TIMESTAMP},
            </if>
        </trim>
    </insert>
    <update id="updateByPrimaryKeySelective" parameterType="com.buza.server.entity.TbUser">
        update tb_user
        <set>
            <if test="shopId != null">
                SHOP_ID = #{shopId,jdbcType=INTEGER},
            </if>
            <if test="loginid != null">
                LOGINID = #{loginid,jdbcType=VARCHAR},
            </if>
            <if test="password != null">
                `PASSWORD` = #{password,jdbcType=VARCHAR},
            </if>
            <if test="realname != null">
                REALNAME = #{realname,jdbcType=VARCHAR},
            </if>
            <if test="useYn != null">
                USE_YN = #{useYn,jdbcType=VARCHAR},
            </if>
            <if test="mobileNo != null">
                MOBILE_NO = #{mobileNo,jdbcType=VARCHAR},
            </if>
            <if test="wechatId != null">
                WECHAT_ID = #{wechatId,jdbcType=VARCHAR},
            </if>
            <if test="department != null">
                DEPARTMENT = #{department,jdbcType=VARCHAR},
            </if>
            <if test="option01 != null">
                OPTION01 = #{option01,jdbcType=VARCHAR},
            </if>
            <if test="option02 != null">
                OPTION02 = #{option02,jdbcType=VARCHAR},
            </if>
            <if test="option03 != null">
                OPTION03 = #{option03,jdbcType=VARCHAR},
            </if>
            <if test="option04 != null">
                OPTION04 = #{option04,jdbcType=VARCHAR},
            </if>
            <if test="option05 != null">
                OPTION05 = #{option05,jdbcType=VARCHAR},
            </if>
            <if test="createTime != null">
                CREATE_TIME = #{createTime,jdbcType=TIMESTAMP},
            </if>
            <if test="updateTime != null">
                UPDATE_TIME = #{updateTime,jdbcType=TIMESTAMP},
            </if>
        </set>
        where USER_ID = #{userId,jdbcType=INTEGER}
    </update>
    <update id="updateByPrimaryKey" parameterType="com.buza.server.entity.TbUser">
        update tb_user
        set SHOP_ID     = #{shopId,jdbcType=INTEGER},
            LOGINID     = #{loginid,jdbcType=VARCHAR},
            `PASSWORD`  = #{password,jdbcType=VARCHAR},
            REALNAME    = #{realname,jdbcType=VARCHAR},
            USE_YN      = #{useYn,jdbcType=VARCHAR},
            MOBILE_NO   = #{mobileNo,jdbcType=VARCHAR},
            WECHAT_ID   = #{wechatId,jdbcType=VARCHAR},
            DEPARTMENT  = #{department,jdbcType=VARCHAR},
            OPTION01    = #{option01,jdbcType=VARCHAR},
            OPTION02    = #{option02,jdbcType=VARCHAR},
            OPTION03    = #{option03,jdbcType=VARCHAR},
            OPTION04    = #{option04,jdbcType=VARCHAR},
            OPTION05    = #{option05,jdbcType=VARCHAR},
            CREATE_TIME = #{createTime,jdbcType=TIMESTAMP},
            UPDATE_TIME = #{updateTime,jdbcType=TIMESTAMP}
        where USER_ID = #{userId,jdbcType=INTEGER}
    </update>
</mapper>